1,Allie Walker,7,False,2024-5-1
5,Bill Bridenbaugh,3,True,2024-05-02
1,Allie Walker,7,False,2024-05-04 01:29:04.964489+00:00
5,Bill Bridenbaugh,3,True,2024-05-04 01:29:04.964489+00:00
1,Allie Walker,7,False,2024-5-1
10,Eric Walker,7,False,2024-05-02
1,Allie Walker,7,True,2024-05-04
1,Allie Walker,7,True,2024-05-04
2,Bill Bridenbaugh,3,True,2024-05-04
2,Bill Bridenbaugh,3,True,2024-05-04
2,Bill Bridenbaugh,3,True,2024-05-04
1,Allie Walker,7,True,2024-05-04
1,Allie Walker,7,True,2024-05-04
2,Bill Bridenbaugh,3,True,2024-05-04
2,Bill Bridenbaugh,3,True,2024-05-04
2,Bill Bridenbaugh,3,True,2024-05-04
1,Allie Walker,7,True,2024-05-04
1,Allie Walker,7,True,2024-05-04
2,Bill Bridenbaugh,3,True,2024-05-04
1,Allie Walker,7,True,2024-05-04
1,Allie Walker,7,True,2024-05-04
2,Bill Bridenbaugh,3,True,2024-05-04
1,Allie Walker,7,True,2024-05-04
1,Allie Walker,7,True,2024-05-04
2,Bill Bridenbaugh,3,True,2024-05-04
1,Allie Walker,7,True,2024-05-04
1,Allie Walker,7,True,2024-05-04
1,Allie Walker,7,True,2024-05-04
2,Bill Bridenbaugh,3,True,2024-05-04
1,Allie Walker,7,True,2024-05-04
1,Allie Walker,7,True,2024-05-04
2,Bill Bridenbaugh,3,True,2024-05-04
1,Allie Walker,7,True,2024-05-04
1,Allie Walker,7,True,2024-05-04
2,Bill Bridenbaugh,3,True,2024-05-04
1,Allie Walker,7,True,2024-05-04
1,Allie Walker,7,True,2024-05-04
2,Bill Bridenbaugh,3,True,2024-05-04
1,Allie Walker,7,True,2024-05-04
1,Allie Walker,7,True,2024-05-04
2,Bill Bridenbaugh,3,True,2024-05-04
1,Allie Walker,7,True,2024-05-04
1,Allie Walker,7,True,2024-05-04
2,Bill Bridenbaugh,3,True,2024-05-04
1,Allie Walker,7,True,2024-05-04
1,Allie Walker,7,True,2024-05-04
1,Allie Walker,7,True,2024-05-04
2,Bill Bridenbaugh,3,True,2024-05-04
1,Allie Walker,7,True,2024-05-04
1,Allie Walker,7,True,2024-05-04
2,Bill Bridenbaugh,3,True,2024-05-04
1,Allie Walker,7,True,2024-05-04
1,Allie Walker,7,True,2024-05-04
2,Bill Bridenbaugh,3,True,2024-05-04
1,Allie Walker,7,True,2024-05-04
1,Allie Walker,7,True,2024-05-04
2,Bill Bridenbaugh,3,True,2024-05-04
1,Allie Walker,7,True,2024-05-04
1,Allie Walker,7,True,2024-05-04
2,Bill Bridenbaugh,3,True,2024-05-04
1,Allie Walker,7,True,2024-05-04
1,Allie Walker,7,True,2024-05-04
2,Bill Bridenbaugh,3,True,2024-05-04
1,Allie Walker,7,True,2024-05-04
1,Allie Walker,7,True,2024-05-04
2,Bill Bridenbaugh,3,True,2024-05-04
1,Allie Walker,7,True,2024-05-04
1,Allie Walker,7,True,2024-05-04
2,Bill Bridenbaugh,3,True,2024-05-04
1,Allie Walker,7,True,2024-05-04
1,Allie Walker,7,True,2024-05-04
2,Bill Bridenbaugh,3,True,2024-05-04
1,Allie Walker,7,True,2024-05-04
1,Allie Walker,7,True,2024-05-04
2,Bill Bridenbaugh,3,True,2024-05-04
1,Allie Walker,7,True,2024-05-04
1,Allie Walker,7,True,2024-05-04
2,Bill Bridenbaugh,3,True,2024-05-04
2,Bill Bridenbaugh,3,True,2024-05-04
1,Allie Walker,7,True,2024-05-04
1,Allie Walker,7,True,2024-05-04
2,Bill Bridenbaugh,3,True,2024-05-04
2,Bill Bridenbaugh,3,True,2024-05-04
2,Bill Bridenbaugh,3,True,2024-05-04
1,Allie Walker,7,True,2024-05-04
1,Allie Walker,7,True,2024-05-04
2,Bill Bridenbaugh,3,True,2024-05-04
2,Bill Bridenbaugh,3,True,2024-05-04
2,Bill Bridenbaugh,3,True,2024-05-04
1,Allie Walker,7,True,2024-05-04
1,Allie Walker,7,True,2024-05-04
2,Bill Bridenbaugh,3,True,2024-05-04
2,Bill Bridenbaugh,3,True,2024-05-04
2,Bill Bridenbaugh,3,True,2024-05-04
1,Allie Walker,7,False,2024-5-1
5,Bill Bridenbaugh,3,True,2024-05-02
1,Allie Walker,7,False,2024-05-04 01:47:02.852800+00:00
5,Bill Bridenbaugh,3,True,2024-05-04 01:47:02.852800+00:00
1,Allie Walker,7,False,2024-5-1
10,Eric Walker,7,False,2024-05-02
